"Status","Start Time","Stop Time","Duration in ms","Parent Suite","Suite","Sub Suite","Test Class","Test Method","Name","Description"
"passed","Sat Dec 10 23:04:48 CST 2022","Sat Dec 10 23:04:49 CST 2022","1020","log.testcase_reports.scheduler_1670684684","temp_test","","","","二十四节气",""
"passed","Sat Dec 10 23:04:49 CST 2022","Sat Dec 10 23:04:49 CST 2022","330","log.testcase_reports.scheduler_1670684684","temp_test","","","","生日书",""
"passed","Sat Dec 10 23:04:46 CST 2022","Sat Dec 10 23:04:46 CST 2022","197","log.testcase_reports.scheduler_1670684684","temp_test","","","","生日书",""
"passed","Sat Dec 10 23:04:45 CST 2022","Sat Dec 10 23:04:46 CST 2022","183","log.testcase_reports.scheduler_1670684684","temp_test","","","","根据qq号查运气",""
"passed","Sat Dec 10 23:04:47 CST 2022","Sat Dec 10 23:04:47 CST 2022","155","log.testcase_reports.scheduler_1670684684","temp_test","","","","随机密码生成器",""
"passed","Sat Dec 10 23:04:49 CST 2022","Sat Dec 10 23:04:49 CST 2022","161","log.testcase_reports.scheduler_1670684684","temp_test","","","","随机密码生成器",""
"passed","Sat Dec 10 23:04:49 CST 2022","Sat Dec 10 23:04:49 CST 2022","306","log.testcase_reports.scheduler_1670684684","temp_test","","","","每日心灵鸡汤",""
"passed","Sat Dec 10 23:04:46 CST 2022","Sat Dec 10 23:04:46 CST 2022","226","log.testcase_reports.scheduler_1670684684","temp_test","","","","车辆品牌车型大全",""
"passed","Sat Dec 10 23:04:47 CST 2022","Sat Dec 10 23:04:48 CST 2022","232","log.testcase_reports.scheduler_1670684684","temp_test","","","","车辆品牌车型大全",""
"passed","Sat Dec 10 23:04:46 CST 2022","Sat Dec 10 23:04:46 CST 2022","370","log.testcase_reports.scheduler_1670684684","temp_test","","","","二十四节气",""
"passed","Sat Dec 10 23:04:47 CST 2022","Sat Dec 10 23:04:47 CST 2022","362","log.testcase_reports.scheduler_1670684684","temp_test","","","","根据qq号查运气",""
"passed","Sat Dec 10 23:04:46 CST 2022","Sat Dec 10 23:04:47 CST 2022","476","log.testcase_reports.scheduler_1670684684","temp_test","","","","每日心灵鸡汤",""
"passed","Sat Dec 10 23:04:45 CST 2022","Sat Dec 10 23:04:45 CST 2022","177","log.testcase_reports.scheduler_1670684684","temp_test","","","","查询成语",""
"passed","Sat Dec 10 23:04:45 CST 2022","Sat Dec 10 23:04:45 CST 2022","131","log.testcase_reports.scheduler_1670684684","temp_test","","","","查询北京天气预报",""
